Tipe Mobil,Jumlah Mobil
Ambassador Classic Nova Diesel,1
Audi A3 35 TDI Attraction,1
Audi A3 35 TDI Premium,1
Audi A3 35 TDI Premium Plus,1
Audi A3 35 TDI Technology,1
Audi A4 1.8 TFSI,2
Audi A4 1.8 TFSI Technology Edition,1
Audi A4 2.0 TDI,17
Audi A4 2.0 TDI 177 Bhp Premium Plus,15
Audi A4 2.0 TDI 177 Bhp Technology Edition,2
Audi A4 2.0 TDI Celebration Edition,1
Audi A4 2.0 TDI Multitronic,10
Audi A4 2.0 TDI Premium Sport Limited Edition,2
Audi A4 2.0 TFSI,1
Audi A4 3.0 TDI Quattro,2
Audi A4 3.0 TDI Quattro Premium,2
Audi A4 3.2 FSI Tiptronic Quattro,1
Audi A4 30 TFSI Premium Plus,1
Audi A4 35 TDI Premium,6
Audi A4 35 TDI Premium Plus,3
Audi A4 35 TDI Premium Sport,1
Audi A4 35 TDI Technology,2
Audi A4 35 TDI Technology Edition,2
Audi A4 New 2.0 TDI Multitronic,7
Audi A6 2.0 TDI Design Edition,3
Audi A6 2.7 TDI,6
Audi A6 2.8 FSI,1
Audi A6 2011-2015 2.0 TDI,5
Audi A6 2011-2015 2.0 TDI Premium Plus,13
Audi A6 2011-2015 2.0 TDI Technology,1
Audi A6 2011-2015 3.0 TDI Quattro Premium Plus,1
Audi A6 2011-2015 35 TDI Premium,1
Audi A6 2011-2015 35 TDI Technology,5
Audi A6 2011-2015 35 TFSI Technology,2
Audi A6 3.0 TDI quattro,5
Audi A6 35 TDI Matrix,4
Audi A6 35 TFSI Matrix,2
Audi A7 2011-2015 3.0 TDI Quattro,2
Audi A7 2011-2015 Sportback,1
Audi A8 L 3.0 TDI quattro,2
Audi Q3 2.0 TDI,4
Audi Q3 2.0 TDI Quattro,3
Audi Q3 2012-2015 2.0 TDI Quattro Premium Plus,4
Audi Q3 2012-2015 35 TDI Quattro Premium,2
Audi Q3 2012-2015 35 TDI Quattro Premium Plus,3
Audi Q3 30 TDI Premium FWD,2
Audi Q3 35 TDI Quattro Premium,4
Audi Q3 35 TDI Quattro Premium Plus,5
Audi Q5 2.0 TDI,3
Audi Q5 2.0 TDI Premium Plus,6
Audi Q5 2.0 TDI Technology,1
Audi Q5 2008-2012 2.0 TDI,5
Audi Q5 2008-2012 2.0 TFSI Quattro,2
Audi Q5 2008-2012 3.0 TDI,1
Audi Q5 3.0 TDI Quattro,2
Audi Q5 3.0 TDI Quattro Technology,3
Audi Q5 30 TDI quattro Premium,2
Audi Q5 30 TDI quattro Premium Plus,5
Audi Q7 3.0 TDI Quattro Premium Plus,12
Audi Q7 3.0 TDI Quattro Technology,5
Audi Q7 3.0 TDI quattro,3
Audi Q7 35 TDI Quattro Premium Plus,2
Audi Q7 35 TDI Quattro Technology,5
Audi Q7 4.2 FSI quattro,1
Audi Q7 4.2 TDI Quattro Technology,6
Audi Q7 45 TDI Quattro Premium Plus,1
Audi Q7 45 TDI Quattro Technology,3
Audi RS5 Coupe,2
Audi TT 2.0 TFSI,2
Audi TT 40 TFSI,1
BMW 1 Series 118d Base,2
BMW 1 Series 118d Sport Line,1
BMW 3 Series 2005-2011 325i Sedan,3
BMW 3 Series 318i Sedan,1
BMW 3 Series 320d,20
BMW 3 Series 320d Corporate Edition,3
BMW 3 Series 320d Dynamic,1
BMW 3 Series 320d GT Luxury Line,2
BMW 3 Series 320d Highline,10
BMW 3 Series 320d Luxury Line,14
BMW 3 Series 320d Luxury Plus,1
BMW 3 Series 320d M Sport,2
BMW 3 Series 320d Prestige,5
BMW 3 Series 320d Sedan,4
BMW 3 Series 320d Sport,3
BMW 3 Series 320d Sport Line,7
BMW 3 Series 320i,1
BMW 3 Series 320i Sedan,4
BMW 3 Series 328i Sport Line,1
BMW 3 Series 330 Ci Convertible,1
BMW 3 Series 330d Convertible,2
BMW 3 Series 330i,1
BMW 3 Series GT 320d Luxury Line,1
BMW 3 Series Luxury Line,10
BMW 3 Series Sport,1
BMW 5 Series 2003-2012 520d,7
BMW 5 Series 2003-2012 523i,1
BMW 5 Series 2003-2012 525d,4
BMW 5 Series 2003-2012 530d,1
BMW 5 Series 2003-2012 530d Highline,2
BMW 5 Series 2003-2012 540i Sedan,1
BMW 5 Series 2003-2012 GT 530d LE,1
BMW 5 Series 2007-2010 525d Sedan,1
BMW 5 Series 2010-2013 525i,2
BMW 5 Series 2010-2013 530d,1
BMW 5 Series 2013-2017 520d Luxury Line,10
BMW 5 Series 2013-2017 520d M Sport,1
BMW 5 Series 2013-2017 525d Luxury Line,1
BMW 5 Series 2013-2017 530d M Sport,7
BMW 5 Series 520d Luxury Line,12
BMW 5 Series 520d Sedan,5
BMW 5 Series 520d Sport Line,2
BMW 5 Series 523i Sedan,2
BMW 5 Series 525d Sedan,3
BMW 5 Series 530d Highline Sedan,1
BMW 5 Series 530d M Sport,2
BMW 5 Series 530i Sedan,1
BMW 6 Series 630i Coupe,1
BMW 6 Series 640d Coupe,1
BMW 6 Series 640d Gran Coupe,1
BMW 6 Series 650i Coupe,1
BMW 6 Series Gran Coupe,3
BMW 7 Series 2007-2012 730Ld,1
BMW 7 Series 2007-2012 740Li,1
BMW 7 Series 2007-2012 750Li,1
BMW 7 Series 730Ld,3
BMW 7 Series 730Ld Design Pure Excellence CBU,1
BMW 7 Series 730Ld Eminence,1
BMW 7 Series 730Ld Sedan,3
BMW 7 Series 740Li,2
BMW X1 M Sport sDrive 20d,2
BMW X1 sDrive 18i,1
BMW X1 sDrive 20d Exclusive,5
BMW X1 sDrive 20d Sportline,4
BMW X1 sDrive 20d xLine,4
BMW X1 sDrive20d,12
BMW X1 xDrive 20d M Sport,1
BMW X1 xDrive 20d xLine,3
BMW X3 xDrive 20d Expedition,1
BMW X3 xDrive 20d Luxury Line,2
BMW X3 xDrive 20d xLine,1
BMW X3 xDrive20d,4
BMW X3 xDrive20d Advantage Edition,1
BMW X3 xDrive20d Expedition,1
BMW X3 xDrive20d xLine,2
BMW X3 xDrive30d M Sport,2
BMW X5 2014-2019 xDrive 30d Design Pure Experience 7 Seater,5
BMW X5 3.0d,5
BMW X5 X5 M,2
BMW X5 xDrive 30d,8
BMW X5 xDrive 30d Design Pure Experience 5 Seater,1
BMW X5 xDrive 30d M Sport,3
BMW X6 xDrive 40d,1
BMW X6 xDrive 40d M Sport,2
BMW X6 xDrive30d,3
BMW Z4 2009-2013 35i,1
BMW Z4 2009-2013 Roadster 2.5i,1
Bentley Continental Flying Spur,1
Chevrolet Aveo 1.4,2
Chevrolet Aveo 1.4 LS,2
Chevrolet Aveo 1.4 LT,1
Chevrolet Aveo 1.4 LT ABS BSIV,1
Chevrolet Aveo 1.6 LT,1
Chevrolet Aveo U-VA 1.2 LS,5
Chevrolet Aveo U-VA 1.2 LT,2
Chevrolet Beat Diesel,3
Chevrolet Beat Diesel LS,6
Chevrolet Beat Diesel LT,10
Chevrolet Beat Diesel PS,2
Chevrolet Beat LS,11
Chevrolet Beat LT,12
Chevrolet Beat LT Option,1
Chevrolet Beat Option Pack,1
Chevrolet Captiva LT,1
Chevrolet Captiva LTZ VCDi,1
Chevrolet Cruze LTZ,10
Chevrolet Cruze LTZ AT,8
Chevrolet Enjoy 1.3 TCDi LS 8,1
Chevrolet Enjoy 1.3 TCDi LTZ 8,2
Chevrolet Enjoy 1.4 LS 8,1
Chevrolet Enjoy Petrol LS 7 Seater,2
Chevrolet Enjoy TCDi LS 8 Seater,2
Chevrolet Enjoy TCDi LTZ 7 Seater,1
Chevrolet Optra 1.6 Elite,1
Chevrolet Optra 1.6 LS,1
Chevrolet Optra 1.6 LT Royale,1
Chevrolet Optra Magnum 1.6 LS BS3,1
Chevrolet Optra Magnum 1.6 LS Petrol,1
Chevrolet Optra Magnum 1.6 LT ABS BS3,2
Chevrolet Optra Magnum 2.0 LS BSIII,1
Chevrolet Optra Magnum 2.0 LT,3
Chevrolet Optra Magnum 2.0 LT BS3,1
Chevrolet Sail 1.2 LS,3
Chevrolet Sail Hatchback 1.2 LS,2
Chevrolet Sail Hatchback 1.2 LS ABS,1
Chevrolet Sail Hatchback LS ABS,1
Chevrolet Sail LT ABS,1
Chevrolet Spark 1.0 LS,5
Chevrolet Spark 1.0 LT,5
Chevrolet Tavera LS B3 10 Seats BSIII,1
Chevrolet Tavera LT 9 Str BS IV,1
Datsun GO NXT,2
Datsun GO Plus A,1
Datsun GO Plus T,1
Datsun GO Plus T Petrol,1
Datsun GO T Option,1
Datsun Redi GO Sport,1
Datsun redi-GO S,1
Datsun redi-GO T,1
Datsun redi-GO T Option,4
Fiat Avventura MULTIJET Emotion,4
Fiat Grande Punto 1.2 Dynamic,1
Fiat Grande Punto 1.3 Emotion (Diesel),1
Fiat Grande Punto 1.3 Emotion Pack (Diesel),1
Fiat Grande Punto 1.4 Emotion,1
Fiat Grande Punto EVO 1.3 Active,1
Fiat Linea 1.3 Dynamic,1
Fiat Linea 1.3 Emotion,1
Fiat Linea Classic Plus 1.3 Multijet,1
Fiat Linea Emotion,3
Fiat Linea Emotion (Diesel),2
Fiat Linea Emotion Pack (Diesel),2
Fiat Linea T Jet,1
Fiat Linea T-Jet Active,1
Fiat Petra 1.2 EL,1
Fiat Punto 1.2 Dynamic,1
Fiat Punto 1.3 Emotion,1
Fiat Punto 1.4 Emotion,1
Fiat Punto EVO 1.2 Emotion,2
Fiat Siena 1.2 ELX,1
Force One LX 4x4,2
Force One LX ABS 7 Seating,1
Ford Aspire Ambiente Diesel,1
Ford Aspire Titanium Diesel,2
Ford Aspire Titanium Plus Diesel,1
Ford Classic 1.4 Duratorq Titanium,1
Ford EcoSport 1.0 Ecoboost Titanium Plus,3
Ford EcoSport 1.0 Ecoboost Titanium Plus BE,1
Ford EcoSport 1.5 Diesel Titanium,4
Ford EcoSport 1.5 Diesel Titanium Plus,2
Ford EcoSport 1.5 Diesel Trend,1
Ford EcoSport 1.5 Petrol Titanium,2
Ford EcoSport 1.5 Petrol Titanium Plus AT,3
Ford EcoSport 1.5 Petrol Trend,1
Ford EcoSport 1.5 TDCi Ambiente,1
Ford EcoSport 1.5 TDCi Titanium,9
Ford EcoSport 1.5 TDCi Trend,2
Ford EcoSport 1.5 TDCi Trend Plus,1
Ford EcoSport 1.5 TDCi Trend Plus BE,1
Ford EcoSport 1.5 Ti VCT AT Titanium,4
Ford EcoSport 1.5 Ti VCT AT Titanium BE,2
Ford EcoSport 1.5 Ti VCT MT Signature,1
Ford EcoSport 1.5 Ti VCT MT Titanium,1
Ford EcoSport 1.5 Ti VCT MT Titanium BE,3
Ford Ecosport 1.0 Ecoboost Platinum Edition,2
Ford Ecosport 1.0 Ecoboost Titanium,1
Ford Ecosport 1.5 DV5 MT Ambiente,4
Ford Ecosport 1.5 DV5 MT Titanium,15
Ford Ecosport 1.5 DV5 MT Titanium Optional,16
Ford Ecosport 1.5 DV5 MT Trend,5
Ford Ecosport 1.5 Ti VCT AT Titanium,1
Ford Ecosport 1.5 Ti VCT MT Titanium,6
Ford Ecosport 1.5 Ti VCT MT Trend,1
Ford Ecosport Signature Edition Diesel,2
Ford Endeavour 2.2 Titanium AT 4X2,2
Ford Endeavour 2.2 Trend AT 4X2,2
Ford Endeavour 2.2 Trend MT 4X4,2
Ford Endeavour 2.5L 4X2,2
Ford Endeavour 2.5L 4X2 MT,2
Ford Endeavour 3.0L 4X4 AT,5
Ford Endeavour 3.2 Titanium AT 4X4,10
Ford Endeavour 3.2 Trend AT 4X4,5
Ford Endeavour 4x2 XLT,1
Ford Endeavour 4x2 XLT Limited Edition,2
Ford Endeavour Hurricane LE,1
Ford Endeavour Hurricane Limited Edition,1
Ford Endeavour Titanium 4X2,1
Ford Endeavour XLT TDCi 4X2,2
Ford Endeavour XLT TDCi 4X4,1
Ford Fiesta 1.4 Duratec EXI,2
Ford Fiesta 1.4 Duratec EXI Limited Edition,1
Ford Fiesta 1.4 Duratec ZXI,2
Ford Fiesta 1.4 Duratorq EXI,1
Ford Fiesta 1.4 Duratorq ZXI,3
Ford Fiesta 1.4 SXi TDCi,2
Ford Fiesta 1.4 SXi TDCi ABS,2
Ford Fiesta 1.4 TDCi EXI,2
Ford Fiesta 1.4 TDCi EXI Limited Edition,1
Ford Fiesta 1.4 ZXi Duratec,1
Ford Fiesta 1.4 ZXi Leather,1
Ford Fiesta 1.4 ZXi TDCi ABS,2
Ford Fiesta 1.5 TDCi Titanium,1
Ford Fiesta 1.6 SXI ABS Duratec,1
Ford Fiesta 1.6 ZXI Duratec,1
Ford Fiesta 1.6 ZXi ABS,1
Ford Fiesta 1.6 ZXi Duratec,1
Ford Fiesta 1.6 ZXi Leather,1
Ford Fiesta Classic 1.4 Duratorq CLXI,5
Ford Fiesta Classic 1.4 Duratorq LXI,2
Ford Fiesta Diesel Style,1
Ford Fiesta Diesel Titanium Plus,1
Ford Fiesta Diesel Trend,1
Ford Fiesta EXi 1.4 TDCi Ltd,3
Ford Fiesta Titanium 1.5 TDCi,1
Ford Figo 1.2P Titanium MT,1
Ford Figo 1.5D Titanium Plus MT,1
Ford Figo 1.5D Trend MT,2
Ford Figo 2015-2019 1.2P Sports Edition MT,1
Ford Figo 2015-2019 1.2P Titanium MT,3
Ford Figo 2015-2019 1.2P Titanium Opt MT,2
Ford Figo 2015-2019 1.2P Trend MT,1
Ford Figo 2015-2019 1.5D Ambiente MT,1
Ford Figo 2015-2019 1.5D Titanium MT,2
Ford Figo 2015-2019 1.5D Titanium Plus MT,1
Ford Figo 2015-2019 1.5D Trend MT,1
Ford Figo 2015-2019 1.5P Titanium AT,1
Ford Figo Aspire 1.2 Ti-VCT Ambiente,2
Ford Figo Aspire 1.2 Ti-VCT Titanium,2
Ford Figo Aspire 1.2 Ti-VCT Trend,2
Ford Figo Aspire 1.5 TDCi Ambiente,1
Ford Figo Aspire 1.5 TDCi Titanium,1
Ford Figo Aspire 1.5 TDCi Titanium Plus,1
Ford Figo Aspire 1.5 TDCi Trend,1
Ford Figo Aspire 1.5 Ti-VCT Titanium,1
Ford Figo Diesel,1
Ford Figo Diesel Celebration Edition,1
Ford Figo Diesel EXI,17
Ford Figo Diesel EXI Option,1
Ford Figo Diesel LXI,1
Ford Figo Diesel Titanium,17
Ford Figo Diesel ZXI,16
Ford Figo Petrol EXI,2
Ford Figo Petrol LXI,1
Ford Figo Petrol Titanium,4
Ford Figo Petrol ZXI,11
Ford Figo Titanium Diesel,1
Ford Freestyle Titanium Petrol,1
Ford Freestyle Titanium Plus Petrol,2
Ford Fusion Plus 1.4 TDCi Diesel,1
Ford Ikon 1.3 CLXi,1
Ford Ikon 1.3 Flair,8
Ford Ikon 1.3 LXi NXt,1
Ford Ikon 1.4 TDCi DuraTorq,3
Ford Ikon 1.6 CLXI,1
Ford Ikon 1.6 ZXI NXt,1
Ford Mustang V8,1
Honda Accord 2.4 A/T,3
Honda Accord 2.4 AT,5
Honda Accord 2.4 Elegance A/T,1
Honda Accord 2.4 Elegance M/T,2
Honda Accord 2.4 Inspire M/T,3
Honda Accord 2.4 M/T,1
Honda Accord 2.4 MT,4
Honda Accord 2001-2003 2.0 AT,1
Honda Accord 2001-2003 2.3 VTi L AT,2
Honda Accord V6 AT,1
Honda Accord VTi-L (AT),1
Honda Accord VTi-L AT,1
Honda Accord VTi-L MT,1
Honda Amaze E i-Dtech,3
Honda Amaze E i-Vtech,5
Honda Amaze EX i-Dtech,2
Honda Amaze EX i-Vtech,1
Honda Amaze S AT i-Vtech,4
Honda Amaze S Diesel,3
Honda Amaze S Petrol,3
Honda Amaze S i-DTEC,2
Honda Amaze S i-Dtech,27
Honda Amaze S i-VTEC,3
Honda Amaze S i-Vtech,16
Honda Amaze SX i-DTEC,5
Honda Amaze SX i-VTEC,6
Honda Amaze V CVT Petrol,2
Honda Amaze V Petrol,2
Honda Amaze VX AT i-Vtech,2
Honda Amaze VX Diesel,1
Honda Amaze VX O i VTEC,1
Honda Amaze VX Petrol,1
Honda Amaze VX i-DTEC,12
Honda Amaze VX i-VTEC,1
Honda Amaze VX i-Vtech,4
Honda BR-V i-DTEC VX MT,1
Honda BR-V i-VTEC S MT,2
Honda BRV i-VTEC V CVT,4
Honda BRV i-VTEC V MT,1
Honda Brio 1.2 S MT,1
Honda Brio 1.2 S Option MT,1
Honda Brio 1.2 VX AT,1
Honda Brio 1.2 VX MT,3
Honda Brio E MT,3
Honda Brio EX MT,2
Honda Brio S MT,25
Honda Brio S Option AT,2
Honda Brio S Option MT,5
Honda Brio V MT,7
Honda Brio VX,1
Honda Brio VX AT,9
Honda CR-V 2.0 AT,2
Honda CR-V 2.0L 2WD AT,2
Honda CR-V 2.0L 2WD MT,3
Honda CR-V 2.4 4WD AT,3
Honda CR-V 2.4 AT,4
Honda CR-V 2.4 MT,3
Honda CR-V 2.4L 4WD AT,3
Honda CR-V 2.4L 4WD AT AVN,1
Honda CR-V 2.4L 4WD MT,1
Honda CR-V AT With Sun Roof,1
Honda CR-V Petrol 2WD,1
Honda CR-V RVi MT,2
Honda CR-V Sport,1
Honda City 1.3 DX,1
Honda City 1.3 EXI,3
Honda City 1.3 EXI S,1
Honda City 1.5 E MT,4
Honda City 1.5 EXI,5
Honda City 1.5 EXI AT,1
Honda City 1.5 EXI S,1
Honda City 1.5 GXI,5
Honda City 1.5 S AT,5
Honda City 1.5 S MT,34
Honda City 1.5 V AT,9
Honda City 1.5 V AT Exclusive,2
Honda City 1.5 V AT Sunroof,2
Honda City 1.5 V MT,24
Honda City 1.5 V MT Exclusive,5
Honda City 1.5 V MT Sunroof,2
Honda City Corporate Edition,1
Honda City V AT,5
Honda City V MT,10
Honda City V MT AVN,2
Honda City V MT Exclusive,3
Honda City ZX CVT,5
Honda City ZX EXi,1
Honda City ZX GXi,9
Honda City ZX VTEC,4
Honda City i DTEC S,2
Honda City i DTEC SV,10
Honda City i DTEC V,7
Honda City i DTEC VX,11
Honda City i DTEC VX Option,3
Honda City i DTec E,1
Honda City i DTec S,1
Honda City i DTec SV,1
Honda City i DTec V,3
Honda City i DTec VX,2
Honda City i VTEC CVT SV,2
Honda City i VTEC CVT VX,13
Honda City i VTEC E,1
Honda City i VTEC S,2
Honda City i VTEC SV,15
Honda City i VTEC V,13
Honda City i VTEC VX,6
Honda City i VTEC VX Option,7
Honda City i-DTEC SV,2
Honda City i-DTEC ZX,2
Honda City i-VTEC CVT V,1
Honda City i-VTEC CVT VX,7
Honda City i-VTEC CVT ZX,2
Honda City i-VTEC S,3
Honda City i-VTEC V,5
Honda City i-VTEC VX,4
Honda Civic 2006-2010 1.8 (E) MT,1
Honda Civic 2006-2010 1.8 MT Sport,1
Honda Civic 2006-2010 1.8 S AT,3
Honda Civic 2006-2010 1.8 S MT,8
Honda Civic 2006-2010 1.8 V AT,5
Honda Civic 2006-2010 1.8 V MT,7
Honda Civic 2010-2013 1.8 S MT,3
Honda Civic 2010-2013 1.8 V AT Sunroof,1
Honda Civic 2010-2013 1.8 V MT,3
Honda Jazz 1.2 E i VTEC,1
Honda Jazz 1.2 S i VTEC,2
Honda Jazz 1.2 SV i VTEC,7
Honda Jazz 1.2 V AT i VTEC Privilege,1
Honda Jazz 1.2 V CVT i VTEC,7
Honda Jazz 1.2 V i VTEC,3
Honda Jazz 1.2 VX i VTEC,6
Honda Jazz 1.5 S i DTEC,3
Honda Jazz 1.5 SV i DTEC,2
Honda Jazz 1.5 V i DTEC,2
Honda Jazz 1.5 VX i DTEC,4
Honda Jazz Active,1
Honda Jazz Exclusive CVT,1
Honda Jazz Mode,1
Honda Jazz S,3
Honda Jazz Select Edition,2
Honda Jazz V,4
Honda Jazz V CVT,2
Honda Jazz VX,3
Honda Jazz VX Diesel,3
Honda Mobilio E i DTEC,1
Honda Mobilio E i VTEC,1
Honda Mobilio RS Option i DTEC,1
Honda Mobilio RS i DTEC,2
Honda Mobilio S i DTEC,4
Honda Mobilio S i VTEC,4
Honda Mobilio V Option i DTEC,1
Honda Mobilio V i DTEC,2
Honda WR-V Edge Edition i-VTEC S,1
Honda WRV i-VTEC VX,4
Hyundai Accent CRDi,2
Hyundai Accent Executive,1
Hyundai Accent Executive CNG,1
Hyundai Accent GLE,10
Hyundai Accent GLE 1,1
Hyundai Accent GLS,2
Hyundai Accent GLS 1.6,1
Hyundai Creta 1.4 CRDi S,1
Hyundai Creta 1.4 CRDi S Plus,2
Hyundai Creta 1.4 E Plus Diesel,3
Hyundai Creta 1.6 CRDi AT SX Plus,10
Hyundai Creta 1.6 CRDi SX,16
Hyundai Creta 1.6 CRDi SX Option,12
Hyundai Creta 1.6 SX,5
Hyundai Creta 1.6 SX Automatic Diesel,2
Hyundai Creta 1.6 SX Option,4
Hyundai Creta 1.6 SX Option Diesel,4
Hyundai Creta 1.6 SX Option Executive,1
Hyundai Creta 1.6 SX Plus Diesel,6
Hyundai Creta 1.6 SX Plus Dual Tone Petrol,10
Hyundai Creta 1.6 SX Plus Petrol Automatic,10
Hyundai Creta 1.6 VTVT E Plus,1
Hyundai Creta 1.6 VTVT S,6
Hyundai EON 1.0 Kappa Magna Plus Optional,1
Hyundai EON 1.0 Magna Plus Option O,1
Hyundai EON D Lite,2
Hyundai EON D Lite Plus,12
Hyundai EON D Lite Plus Option,2
Hyundai EON Era,6
Hyundai EON Era Plus,20
Hyundai EON LPG Era Plus Option,1
Hyundai EON Magna,3
Hyundai EON Magna Plus,8
Hyundai EON Sportz,5
Hyundai Elantra 1.6 SX,1
Hyundai Elantra 1.6 SX Option AT,1
Hyundai Elantra 2.0 SX Option AT,4
Hyundai Elantra CRDi,1
Hyundai Elantra CRDi S,1
Hyundai Elantra CRDi SX,9
Hyundai Elantra CRDi SX AT,4
Hyundai Elantra SX,1
Hyundai Elite i20 Asta Option,2
Hyundai Elite i20 Diesel Asta Option,1
Hyundai Elite i20 Petrol Asta,7
Hyundai Elite i20 Petrol Sportz,3
Hyundai Elite i20 Sportz Plus,1
Hyundai Getz 1.3 GLS,1
Hyundai Getz 1.5 CRDi GVS,1
Hyundai Getz GLE,3
Hyundai Getz GLS,3
Hyundai Getz GLS ABS,1
Hyundai Getz GVS,1
Hyundai Grand i10 1.2 CRDi Asta,1
Hyundai Grand i10 1.2 CRDi Magna,1
Hyundai Grand i10 1.2 CRDi Sportz,4
Hyundai Grand i10 1.2 CRDi Sportz Option,2
Hyundai Grand i10 1.2 Kappa Asta,9
Hyundai Grand i10 1.2 Kappa Magna,8
Hyundai Grand i10 1.2 Kappa Magna AT,3
Hyundai Grand i10 1.2 Kappa Sportz,11
Hyundai Grand i10 1.2 Kappa Sportz AT,1
Hyundai Grand i10 1.2 Kappa Sportz Option,3
Hyundai Grand i10 AT Asta,16
Hyundai Grand i10 Asta,11
Hyundai Grand i10 Asta Option,7
Hyundai Grand i10 Asta Option AT,4
Hyundai Grand i10 CRDi Asta,2
Hyundai Grand i10 CRDi Era,1
Hyundai Grand i10 CRDi Magna,12
Hyundai Grand i10 CRDi SportZ Edition,2
Hyundai Grand i10 CRDi Sportz,13
Hyundai Grand i10 CRDi Sportz Celebration Edition,2
Hyundai Grand i10 Era,1
Hyundai Grand i10 Magna,8
Hyundai Grand i10 Magna AT,1
Hyundai Grand i10 SportZ Edition,2
Hyundai Grand i10 Sportz,27
Hyundai Santa Fe 2WD AT,3
Hyundai Santa Fe 4WD AT,5
Hyundai Santa Fe 4X2,1
Hyundai Santa Fe 4X4,4
Hyundai Santa Fe 4x4 AT,4
Hyundai Santro AT,1
Hyundai Santro D Lite,1
Hyundai Santro DX,1
Hyundai Santro GLS I - Euro I,2
Hyundai Santro GLS I - Euro II,2
Hyundai Santro GLS II - Euro II,4
Hyundai Santro GS,1
Hyundai Santro GS zipDrive - Euro II,1
Hyundai Santro LP - Euro II,1
Hyundai Santro LP zipPlus,1
Hyundai Santro LS zipPlus,1
Hyundai Santro Xing GL,7
Hyundai Santro Xing GL Plus,5
Hyundai Santro Xing GL Plus LPG,1
Hyundai Santro Xing GLS,13
Hyundai Santro Xing GLS LPG,2
Hyundai Santro Xing XG,2
Hyundai Santro Xing XG eRLX Euro III,2
Hyundai Santro Xing XL,5
Hyundai Santro Xing XL AT eRLX Euro II,1
Hyundai Santro Xing XL AT eRLX Euro III,1
Hyundai Santro Xing XL eRLX Euro III,7
Hyundai Santro Xing XO,5
Hyundai Santro Xing XO CNG,1
Hyundai Santro Xing XO eRLX Euro II,5
Hyundai Santro Xing XP,5
Hyundai Sonata 2.4 GDI,1
Hyundai Sonata Embera 2.0L CRDi AT,1
Hyundai Sonata Embera 2.0L CRDi MT,1
Hyundai Sonata GOLD,1
Hyundai Sonata Transform 2.4 GDi AT,1
Hyundai Sonata Transform 2.4 GDi MT,1
Hyundai Tucson 2.0 Dual VTVT 2WD AT GL,1
Hyundai Tucson 2.0 e-VGT 2WD AT GLS,1
Hyundai Tucson CRDi,2
Hyundai Verna 1.4 CRDi,1
Hyundai Verna 1.4 CRDi GL,1
Hyundai Verna 1.4 CX VTVT,1
Hyundai Verna 1.4 EX,2
Hyundai Verna 1.4 VTVT,2
Hyundai Verna 1.6 CRDI,4
Hyundai Verna 1.6 CRDI AT SX Option,2
Hyundai Verna 1.6 CRDI SX Option,1
Hyundai Verna 1.6 CRDi AT S,1
Hyundai Verna 1.6 CRDi AT SX,2
Hyundai Verna 1.6 CRDi EX AT,2
Hyundai Verna 1.6 CRDi EX MT,2
Hyundai Verna 1.6 CRDi S,3
Hyundai Verna 1.6 CRDi SX,4
Hyundai Verna 1.6 EX VTVT,2
Hyundai Verna 1.6 SX,23
Hyundai Verna 1.6 SX CRDI (O) AT,7
Hyundai Verna 1.6 SX CRDi (O),12
Hyundai Verna 1.6 SX VTVT,15
Hyundai Verna 1.6 SX VTVT (O),11
Hyundai Verna 1.6 SX VTVT (O) AT,4
Hyundai Verna 1.6 SX VTVT AT,3
Hyundai Verna 1.6 VTVT,7
Hyundai Verna 1.6 VTVT AT SX,1
Hyundai Verna 1.6 VTVT EX AT,2
Hyundai Verna 1.6 VTVT S,1
Hyundai Verna 1.6 i ABS,1
Hyundai Verna CRDi,5
Hyundai Verna CRDi 1.4 E,1
Hyundai Verna CRDi 1.6 AT SX Option,1
Hyundai Verna CRDi 1.6 AT SX Plus,1
Hyundai Verna CRDi 1.6 SX,2
Hyundai Verna CRDi 1.6 SX Option,5
Hyundai Verna CRDi ABS,2
Hyundai Verna CRDi SX,6
Hyundai Verna CRDi SX ABS,1
Hyundai Verna SX CRDi AT,7
Hyundai Verna Transform CRDi VGT SX ABS,1
Hyundai Verna Transform SX VGT CRDi,2
Hyundai Verna Transform SX VTVT,1
Hyundai Verna Transform VTVT,3
Hyundai Verna Transform Xxi ABS,1
Hyundai Verna VTVT 1.6 AT EX,1
Hyundai Verna VTVT 1.6 AT SX Option,2
Hyundai Verna VTVT 1.6 AT SX Plus,2
Hyundai Verna VTVT 1.6 SX,3
Hyundai Verna VTVT 1.6 SX Option,3
Hyundai Verna XXi ABS (Petrol),1
Hyundai Verna Xi (Petrol),2
Hyundai Xcent 1.1 CRDi Base,10
Hyundai Xcent 1.1 CRDi S,8
Hyundai Xcent 1.1 CRDi S Celebration Edition,1
Hyundai Xcent 1.1 CRDi S Option,1
Hyundai Xcent 1.1 CRDi SX,1
Hyundai Xcent 1.1 CRDi SX Option,1
Hyundai Xcent 1.2 CRDi E Plus,2
Hyundai Xcent 1.2 CRDi S,4
Hyundai Xcent 1.2 Kappa AT S Option,2
Hyundai Xcent 1.2 Kappa AT SX Option,3
Hyundai Xcent 1.2 Kappa Base,2
Hyundai Xcent 1.2 Kappa S,6
Hyundai Xcent 1.2 Kappa S Option,6
Hyundai Xcent 1.2 Kappa S Option CNG,2
Hyundai Xcent 1.2 Kappa SX,3
Hyundai Xcent 1.2 Kappa SX Option,2
Hyundai Xcent 1.2 VTVT E,1
Hyundai Xcent 1.2 VTVT E Plus,1
Hyundai Xcent 1.2 VTVT S,2
Hyundai Xcent 1.2 VTVT SX,1
Hyundai i10 Asta,4
Hyundai i10 Asta 1.2 AT with Sunroof,1
Hyundai i10 Asta AT,1
Hyundai i10 Asta Sunroof AT,2
Hyundai i10 Era,13
Hyundai i10 Era 1.1,9
Hyundai i10 Era 1.1 iTech SE,3
Hyundai i10 Magna,15
Hyundai i10 Magna 1.1,9
Hyundai i10 Magna 1.1 iTech SE,1
Hyundai i10 Magna 1.1L,1
Hyundai i10 Magna 1.2,19
Hyundai i10 Magna 1.2 iTech SE,3
Hyundai i10 Magna AT,6
Hyundai i10 Magna LPG,1
Hyundai i10 Magna Optional 1.1L,2
Hyundai i10 Magna(O) with Sun Roof,1
Hyundai i10 Sportz,30
Hyundai i10 Sportz 1.1L,4
Hyundai i10 Sportz 1.2,16
Hyundai i10 Sportz 1.2 AT,5
Hyundai i10 Sportz AT,9
Hyundai i10 Sportz Option,1
Hyundai i20 1.2 Asta,5
Hyundai i20 1.2 Asta Option,7
Hyundai i20 1.2 Asta with AVN,1
Hyundai i20 1.2 Era,1
Hyundai i20 1.2 Magna,18
Hyundai i20 1.2 Magna Executive,6
Hyundai i20 1.2 Sportz,12
Hyundai i20 1.2 Sportz Option,4
Hyundai i20 1.2 Spotz,10
Hyundai i20 1.4 Asta,3
Hyundai i20 1.4 Asta (AT),1
Hyundai i20 1.4 Asta CRDi with AVN,2
Hyundai i20 1.4 Asta Option,1
Hyundai i20 1.4 Asta Optional With Sunroof,1
Hyundai i20 1.4 CRDi Asta,4
Hyundai i20 1.4 CRDi Magna,7
Hyundai i20 1.4 CRDi Sportz,5
Hyundai i20 1.4 Magna ABS,1
Hyundai i20 1.4 Sportz,4
Hyundai i20 2015-2017 1.2 Asta,1
Hyundai i20 2015-2017 1.2 Asta with AVN,1
Hyundai i20 2015-2017 1.2 Magna,1
Hyundai i20 2015-2017 1.4 Magna ABS,1
Hyundai i20 2015-2017 Asta,1
Hyundai i20 2015-2017 Asta 1.2,1
Hyundai i20 2015-2017 Magna,1
Hyundai i20 2015-2017 Magna 1.2,1
Hyundai i20 2015-2017 Sportz 1.2,1
Hyundai i20 2015-2017 Sportz AT 1.4,1
Hyundai i20 Active 1.2 S,1
Hyundai i20 Active 1.2 SX,2
Hyundai i20 Active 1.2 SX Dual Tone,1
Hyundai i20 Active 1.4 SX,2
Hyundai i20 Active 1.4 SX Dual Tone,2
Hyundai i20 Active S Diesel,1
Hyundai i20 Active SX Dual Tone Petrol,1
Hyundai i20 Active SX Petrol,1
Hyundai i20 Asta,5
Hyundai i20 Asta (o),1
Hyundai i20 Asta (o) 1.4 CRDi (Diesel),2
Hyundai i20 Asta 1.2,10
Hyundai i20 Asta 1.4 CRDi,12
Hyundai i20 Asta 1.4 CRDi (Diesel),2
Hyundai i20 Asta Option 1.2,11
Hyundai i20 Asta Option 1.4 CRDi,2
Hyundai i20 Asta Optional with Sunroof 1.2,2
Hyundai i20 Diesel Asta Option,1
Hyundai i20 Era 1.4 CRDi,1
Hyundai i20 Magna,10
Hyundai i20 Magna 1.2,5
Hyundai i20 Magna 1.4 CRDi,7
Hyundai i20 Magna 1.4 CRDi (Diesel),4
Hyundai i20 Magna Optional 1.2,6
Hyundai i20 Magna Optional 1.4 CRDi,5
Hyundai i20 Sportz 1.2,15
Hyundai i20 Sportz 1.4 CRDi,13
Hyundai i20 Sportz AT 1.4,4
Hyundai i20 Sportz Diesel,3
Hyundai i20 Sportz Option,4
Hyundai i20 Sportz Option 1.2,4
Hyundai i20 Sportz Option Diesel,2
Hyundai i20 Sportz Petrol,2
ISUZU D-MAX V-Cross 4X4,2
Isuzu MUX 4WD,1
Jaguar F Type 5.0 V8 S,1
Jaguar XE 2.0L Diesel Prestige,2
Jaguar XE Portfolio,1
Jaguar XF 2.0 Diesel Portfolio,1
Jaguar XF 2.2 Litre Executive,2
Jaguar XF 2.2 Litre Luxury,14
Jaguar XF 3.0 Litre S Premium Luxury,7
Jaguar XF Aero Sport Edition,1
Jaguar XF Diesel,5
Jaguar XJ 2.0L Portfolio,1
Jaguar XJ 3.0L Portfolio,2
Jaguar XJ 3.0L Portfolio LWB,1
Jaguar XJ 3.0L Premium Luxury,1
Jaguar XJ 5.0 L V8 Supercharged,1
Jeep Compass 1.4 Limited Option,1
Jeep Compass 2.0 Limited,2
Jeep Compass 2.0 Limited 4X4,3
Jeep Compass 2.0 Limited Option 4X4,2
Jeep Compass 2.0 Limited Option Black,1
Jeep Compass 2.0 Longitude,4
Jeep Compass 2.0 Sport,2
Lamborghini Gallardo Coupe,1
Land Rover Discovery 3 TDV6 Diesel Automatic,1
Land Rover Discovery 4 TDV6 SE,1
Land Rover Discovery HSE Luxury 3.0 TD6,1
Land Rover Discovery SE 3.0 TD6,1
Land Rover Discovery Sport SD4 HSE Luxury,1
Land Rover Discovery Sport SD4 HSE Luxury 7S,2
Land Rover Discovery Sport TD4 HSE,2
Land Rover Discovery Sport TD4 HSE 7S,2
Land Rover Discovery Sport TD4 S,1
Land Rover Freelander 2 HSE,2
Land Rover Freelander 2 HSE SD4,1
Land Rover Freelander 2 SE,8
Land Rover Freelander 2 TD4 HSE,1
Land Rover Freelander 2 TD4 S,1
Land Rover Freelander 2 TD4 SE,4
Land Rover Range Rover 2.2L Dynamic,3
Land Rover Range Rover 2.2L Prestige,3
Land Rover Range Rover 2.2L Pure,4
Land Rover Range Rover 3.0 D,2
Land Rover Range Rover 3.0 Diesel LWB Vogue,1
Land Rover Range Rover 3.6 TDV8 Vogue SE,1
Land Rover Range Rover 3.6 TDV8 Vogue SE Diesel,1
Land Rover Range Rover Evoque 2.0 TD4 HSE Dynamic,2
Land Rover Range Rover Evoque 2.0 TD4 Pure,2
Land Rover Range Rover HSE Dynamic,4
Land Rover Range Rover Sport 2005 2012 HSE,1
Land Rover Range Rover Sport 2005 2012 Sport,1
Land Rover Range Rover Sport HSE,1
Land Rover Range Rover Sport SE,2
Land Rover Range Rover TDV8 (Diesel),1
Land Rover Range Rover Vogue SE 4.4 SDV8,2
Mahindra Bolero DI BSII,1
Mahindra Bolero SLE,1
Mahindra Bolero SLE BSIII,1
Mahindra Bolero SLX 2WD,1
Mahindra Bolero VLX BS IV,1
Mahindra Bolero VLX CRDe,1
Mahindra Bolero ZLX,7
Mahindra Bolero ZLX BSIII,1
Mahindra Bolero mHAWK D70 ZLX,1
Mahindra E Verito D4,1
Mahindra Jeep MM 540 DP,1
Mahindra Jeep MM 550 PE,1
Mahindra KUV 100 G80 K6 Plus 5Str,1
Mahindra KUV 100 G80 K8,1
Mahindra KUV 100 G80 K8 Dual Tone,1
Mahindra KUV 100 mFALCON D75 K4,1
Mahindra KUV 100 mFALCON D75 K4 Plus,1
Mahindra KUV 100 mFALCON D75 K4 Plus 5str,1
Mahindra KUV 100 mFALCON D75 K6,1
Mahindra KUV 100 mFALCON D75 K8,1
Mahindra KUV 100 mFALCON D75 K8 Dual Tone,1
Mahindra KUV 100 mFALCON G80 K2,2
Mahindra KUV 100 mFALCON G80 K6 5str AW,1
Mahindra KUV 100 mFALCON G80 K6 Plus,1
Mahindra KUV 100 mFALCON G80 K8,1
Mahindra Logan Diesel 1.5 DLS,1
Mahindra Logan Petrol 1.4 GLE,1
Mahindra NuvoSport N6,2
Mahindra NuvoSport N8,1
Mahindra Quanto C2,1
Mahindra Quanto C4,1
Mahindra Quanto C6,1
Mahindra Quanto C8,2
Mahindra Renault Logan 1.4 GLX Petrol,1
Mahindra Renault Logan 1.5 DLE Diesel,1
Mahindra Scorpio 1.99 S10,1
Mahindra Scorpio 1.99 S10 4WD,1
Mahindra Scorpio 1.99 S4 Plus,1
Mahindra Scorpio 1.99 S8,1
Mahindra Scorpio 2.6 CRDe,2
Mahindra Scorpio 2.6 DX,2
Mahindra Scorpio 2.6 LX,2
Mahindra Scorpio 2.6 SLX CRDe,2
Mahindra Scorpio 2009-2014 LX 2WD 7S,1
Mahindra Scorpio 2009-2014 SLE 7S BSIV,2
Mahindra Scorpio 2009-2014 VLX 2WD 7S BSIV,1
Mahindra Scorpio 2009-2014 VLX 4WD AT 7S BSIV,1
Mahindra Scorpio DX 2.6 Turbo 8 Str,1
Mahindra Scorpio LX 2.6 Turbo,1
Mahindra Scorpio LX BS IV,1
Mahindra Scorpio S10 4WD,2
Mahindra Scorpio S10 7 Seater,1
Mahindra Scorpio S10 AT 4WD,1
Mahindra Scorpio S2 7 Seater,1
Mahindra Scorpio S4 7 Seater,1
Mahindra Scorpio S4 Plus,1
Mahindra Scorpio S6 7 Seater,2
Mahindra Scorpio S6 Plus 7 Seater,1
Mahindra Scorpio S8 8 Seater,2
Mahindra Scorpio SLE BSIII,1
Mahindra Scorpio SLE BSIV,7
Mahindra Scorpio SLX,1
Mahindra Scorpio VLX,6
Mahindra Scorpio VLX 2.2 mHawk Airbag BSIV,2
Mahindra Scorpio VLX 2.2 mHawk BSIII,2
Mahindra Scorpio VLX 2WD AIRBAG BSIV,2
Mahindra Scorpio VLX 2WD AT BSIV,1
Mahindra Scorpio VLX 2WD Airbag BSIII,1
Mahindra Scorpio VLX 2WD BSIV,2
Mahindra Scorpio VLX 4WD,1
Mahindra Scorpio VLX 4WD AIRBAG AT BSIV,1
Mahindra Scorpio VLX 4WD AIRBAG BSIV,1
Mahindra Scorpio VLX AT AIRBAG BSIV,1
Mahindra Ssangyong Rexton RX5,3
Mahindra Ssangyong Rexton RX7,10
Mahindra TUV 300 2015-2019 T8,4
Mahindra TUV 300 2015-2019 mHAWK100 T8,1
Mahindra TUV 300 2015-2019 mHAWK100 T8 AMT,1
Mahindra TUV 300 T8,2
Mahindra TUV 300 T8 AMT,1
Mahindra Thar CRDe,2
Mahindra Thar CRDe AC,2
Mahindra Thar DI 4X4,2
Mahindra Verito 1.5 D4 BSIV,2
Mahindra Verito 1.5 D6 BSIV,2
Mahindra XUV300 W8 Diesel,1
Mahindra XUV500 AT W10 AWD,1
Mahindra XUV500 AT W10 FWD,7
Mahindra XUV500 AT W8 FWD,1
Mahindra XUV500 W10 1.99 mHawk,1
Mahindra XUV500 W10 2WD,13
Mahindra XUV500 W10 AWD,5
Mahindra XUV500 W4,3
Mahindra XUV500 W4 1.99 mHawk,1
Mahindra XUV500 W6 2WD,15
Mahindra XUV500 W7,1
Mahindra XUV500 W8 1.99 mHawk,2
Mahindra XUV500 W8 2WD,49
Mahindra XUV500 W8 4WD,13
Mahindra XUV500 W9 AT,1
Mahindra Xylo D2 BS III,1
Mahindra Xylo D2 BSIV,1
Mahindra Xylo D2 Maxx,1
Mahindra Xylo D4,3
Mahindra Xylo D4 BS III,2
Mahindra Xylo D4 BSIV,1
Mahindra Xylo E2,1
Mahindra Xylo E4,2
Mahindra Xylo E4 ABS BS III,2
Mahindra Xylo E8,1
Mahindra Xylo E8 ABS BS IV,2
Mahindra Xylo E8 BS IV,1
Mahindra Xylo H4,3
Maruti 1000 AC,1
Maruti 800 AC,3
Maruti 800 AC BSIII,1
Maruti 800 AC Uniq,1
Maruti 800 DX BSII,2
Maruti 800 Std,2
Maruti 800 Std BSIII,3
Maruti A-Star AT VXI,2
Maruti A-Star AT Vxi Aktiv,1
Maruti A-Star Lxi,4
Maruti A-Star Vxi,10
Maruti Alto 800 2016-2019 CNG LXI,4
Maruti Alto 800 2016-2019 LXI,11
Maruti Alto 800 2016-2019 LXI Optional,2
Maruti Alto 800 2016-2019 VXI,6
Maruti Alto 800 CNG LXI,1
Maruti Alto 800 LXI,20
Maruti Alto 800 LXI Airbag,1
Maruti Alto 800 VXI,7
Maruti Alto Green LXi (CNG),2
Maruti Alto K10 2010-2014 VXI,12
Maruti Alto K10 LXI,6
Maruti Alto K10 LXI CNG,1
Maruti Alto K10 LXI CNG Optional,1
Maruti Alto K10 LXI Optional,1
Maruti Alto K10 VXI,16
Maruti Alto K10 VXI AGS,8
Maruti Alto LX,3
Maruti Alto LX BSIII,1
Maruti Alto LXI,1
Maruti Alto LXi,21
Maruti Alto LXi BSII,3
Maruti Alto LXi BSIII,11
Maruti Alto Std,2
Maruti Alto VXi,1
Maruti Alto Vxi 1.1,1
Maruti Baleno Alpha,4
Maruti Baleno Alpha 1.2,3
Maruti Baleno Alpha 1.3,5
Maruti Baleno Alpha Automatic,2
Maruti Baleno Alpha CVT,2
Maruti Baleno Alpha Diesel,3
Maruti Baleno Delta,2
Maruti Baleno Delta 1.2,4
Maruti Baleno Delta 1.3,3
Maruti Baleno Delta Automatic,2
Maruti Baleno Delta CVT,1
Maruti Baleno LXI,2
Maruti Baleno LXI - BSIII,1
Maruti Baleno RS 1.0 Petrol,3
Maruti Baleno RS Petrol,2
Maruti Baleno Sigma 1.2,3
Maruti Baleno Vxi,1
Maruti Baleno Vxi - BSIII,1
Maruti Baleno Zeta,1
Maruti Baleno Zeta 1.2,8
Maruti Baleno Zeta 1.3,2
Maruti Baleno Zeta Automatic,7
Maruti Baleno Zeta CVT,1
Maruti Celerio CNG VXI MT,2
Maruti Celerio LDi,1
Maruti Celerio LXI,2
Maruti Celerio LXI MT,1
Maruti Celerio VXI,10
Maruti Celerio VXI AMT,4
Maruti Celerio VXI AT,19
Maruti Celerio VXI AT Optional,1
Maruti Celerio VXI Optional AMT,1
Maruti Celerio ZDi,3
Maruti Celerio ZXI,5
Maruti Celerio ZXI AMT,1
Maruti Celerio ZXI AT,3
Maruti Celerio ZXI AT Optional,1
Maruti Celerio ZXI MT,2
Maruti Celerio ZXI Optional,1
Maruti Celerio ZXI Optional AMT,1
Maruti Ciaz 1.3 Alpha,3
Maruti Ciaz 1.3 S,2
Maruti Ciaz 1.4 AT Alpha,2
Maruti Ciaz 1.4 Alpha,1
Maruti Ciaz 1.4 Delta,2
Maruti Ciaz 1.4 Zeta,2
Maruti Ciaz AT ZXi,4
Maruti Ciaz Alpha,2
Maruti Ciaz RS ZDi Plus SHVS,2
Maruti Ciaz RS ZXi Plus,1
Maruti Ciaz VDI SHVS,3
Maruti Ciaz VDi,1
Maruti Ciaz VDi Plus,2
Maruti Ciaz VDi Plus SHVS,7
Maruti Ciaz VXi Plus,7
Maruti Ciaz ZDi,1
Maruti Ciaz ZDi Plus,5
Maruti Ciaz ZDi Plus SHVS,8
Maruti Ciaz ZDi SHVS,3
Maruti Ciaz ZXi,5
Maruti Ciaz ZXi Option,2
Maruti Ciaz ZXi Plus,3
Maruti Ciaz Zeta,3
Maruti Dzire AMT VDI,1
Maruti Dzire AMT VXI,1
Maruti Dzire AMT ZDI Plus,4
Maruti Dzire AMT ZXI Plus,2
Maruti Dzire LDI,3
Maruti Dzire New,1
Maruti Dzire VDI,7
Maruti Dzire VXI,3
Maruti Dzire ZDI,1
Maruti Dzire ZDI Plus,1
Maruti Eeco 5 STR With AC Plus HTR CNG,5
Maruti Eeco 5 Seater AC,1
Maruti Eeco 7 Seater Standard,10
Maruti Eeco CNG 5 Seater AC,1
Maruti Eeco Smiles 5 Seater AC,1
Maruti Ertiga LXI,1
Maruti Ertiga Paseo VDI,1
Maruti Ertiga Paseo VXI,1
Maruti Ertiga SHVS VDI,6
Maruti Ertiga SHVS ZDI Plus,2
Maruti Ertiga VDI,25
Maruti Ertiga VDI Limited Edition,1
Maruti Ertiga VXI,7
Maruti Ertiga VXI AT Petrol,1
Maruti Ertiga VXI CNG,4
Maruti Ertiga ZDI,20
Maruti Ertiga ZDI Plus,1
Maruti Ertiga ZXI,5
Maruti Esteem LX BSII,1
Maruti Esteem Vxi,2
Maruti Esteem Vxi - BSIII,2
Maruti Estilo LXI,3
Maruti Grand Vitara 2.4 MT,2
Maruti Grand Vitara AT,1
Maruti Grand Vitara MT,1
Maruti Ignis 1.2 AMT Alpha,1
Maruti Ignis 1.2 Alpha,2
Maruti Ignis 1.2 Delta,2
Maruti Ignis 1.3 Zeta,1
Maruti Omni 5 Seater BSIV,1
Maruti Omni 5 Str STD,1
Maruti Omni 8 Seater BSII,3
Maruti Omni 8 Seater BSIV,7
Maruti Omni E 8 Str STD,1
Maruti Omni E MPI STD BS IV,3
Maruti Omni MPI CARGO BSIII W/ IMMOBILISER,1
Maruti Omni MPI CARGO BSIV,1
Maruti Omni MPI STD BSIV,2
Maruti Ritz AT,1
Maruti Ritz LDi,7
Maruti Ritz LXI,1
Maruti Ritz LXi,5
Maruti Ritz VDI (ABS) BS IV,1
Maruti Ritz VDi,30
Maruti Ritz VXI,4
Maruti Ritz VXI ABS,1
Maruti Ritz VXi,8
Maruti Ritz ZDi,3
Maruti Ritz ZXI,1
Maruti Ritz ZXi,2
Maruti S Cross DDiS 200 Alpha,2
Maruti S Cross DDiS 200 Delta,1
Maruti S Cross DDiS 200 Sigma Option,1
Maruti S Cross DDiS 320 Alpha,3
Maruti S-Cross Alpha DDiS 200 SH,1
Maruti S-Cross Delta DDiS 200 SH,1
Maruti S-Cross Zeta DDiS 200 SH,1
Maruti SX4 Green Vxi (CNG),3
Maruti SX4 S Cross DDiS 200 Zeta,3
Maruti SX4 S Cross DDiS 320 Zeta,5
Maruti SX4 VDI,2
Maruti SX4 Vxi BSIII,3
Maruti SX4 Vxi BSIV,5
Maruti SX4 ZDI,3
Maruti SX4 ZDI Leather,1
Maruti SX4 ZXI AT Leather,1
Maruti SX4 ZXI MT BSIV,7
Maruti SX4 Zxi BSIII,2
Maruti SX4 Zxi with Leather BSIII,2
Maruti Swift 1.3 LXI,2
Maruti Swift 1.3 VXI ABS,1
Maruti Swift 1.3 VXi,6
Maruti Swift 1.3 ZXI,1
Maruti Swift AMT DDiS VDI,1
Maruti Swift AMT VDI,1
Maruti Swift DDiS VDI,3
Maruti Swift DDiS ZDI Plus,2
Maruti Swift Dzire 1.2 Lxi BSIV,2
Maruti Swift Dzire 1.2 Vxi BSIV,4
Maruti Swift Dzire AMT ZDI,3
Maruti Swift Dzire LDI,12
Maruti Swift Dzire LDi,3
Maruti Swift Dzire LXI,4
Maruti Swift Dzire LXi,1
Maruti Swift Dzire Ldi BSIV,1
Maruti Swift Dzire Tour LDI,10
Maruti Swift Dzire VDI,34
Maruti Swift Dzire VDI Optional,4
Maruti Swift Dzire VDi,16
Maruti Swift Dzire VXI,18
Maruti Swift Dzire VXI Optional,1
Maruti Swift Dzire VXi,11
Maruti Swift Dzire VXi AT,2
Maruti Swift Dzire Vdi BSIV,5
Maruti Swift Dzire ZDI,6
Maruti Swift Dzire ZDi,3
Maruti Swift Dzire ZXI,4
Maruti Swift Dzire ZXi,8
Maruti Swift LDI,6
Maruti Swift LDI BSIV,1
Maruti Swift LDI Optional,2
Maruti Swift LDI SP Limited Edition,1
Maruti Swift LXI,2
Maruti Swift LXI BSIV,1
Maruti Swift LXI Option,1
Maruti Swift LXi BSIV,1
Maruti Swift Ldi BSIII,5
Maruti Swift Ldi BSIV,3
Maruti Swift Lxi BSIII,5
Maruti Swift RS VDI,1
Maruti Swift VDI,45
Maruti Swift VDI BSIV,31
Maruti Swift VDI BSIV W ABS,5
Maruti Swift VDI Optional,2
Maruti Swift VDi BSIII W/ ABS,2
Maruti Swift VVT VXI,2
Maruti Swift VXI,9
Maruti Swift VXI BSIII,5
Maruti Swift VXI BSIII W/ ABS,2
Maruti Swift VXI BSIV,12
Maruti Swift VXI Optional,5
Maruti Swift VXi BSIV,6
Maruti Swift Vdi BSIII,5
Maruti Swift ZDI,1
Maruti Swift ZDi,13
Maruti Swift ZXI,8
Maruti Swift ZXI ABS,1
Maruti Swift ZXI Plus,1
Maruti Versa DX2 BS II,1
Maruti Vitara Brezza LDi,3
Maruti Vitara Brezza LDi Option,2
Maruti Vitara Brezza VDi,3
Maruti Vitara Brezza VDi Option,5
Maruti Vitara Brezza ZDi,8
Maruti Vitara Brezza ZDi Plus,8
Maruti Vitara Brezza ZDi Plus AMT Dual Tone,2
Maruti Vitara Brezza ZDi Plus Dual Tone,12
Maruti Wagon R AMT VXI,6
Maruti Wagon R AMT VXI Option,1
Maruti Wagon R CNG LXI,5
Maruti Wagon R Duo LX BSIII,1
Maruti Wagon R Duo Lxi,1
Maruti Wagon R LX,3
Maruti Wagon R LX BS IV,1
Maruti Wagon R LX BSII,2
Maruti Wagon R LX BSIII,5
Maruti Wagon R LX DUO BSIII,1
Maruti Wagon R LXI,22
Maruti Wagon R LXI BS IV,14
Maruti Wagon R LXI BSII,2
Maruti Wagon R LXI BSIII,7
Maruti Wagon R LXI CNG,18
Maruti Wagon R LXI DUO BSIII,1
Maruti Wagon R LXI LPG BSIV,1
Maruti Wagon R LXI Minor,5
Maruti Wagon R LXI Optional,2
Maruti Wagon R Stingray LXI,1
Maruti Wagon R Stingray VXI,2
Maruti Wagon R VXI,23
Maruti Wagon R VXI 1.2,4
Maruti Wagon R VXI AMT,5
Maruti Wagon R VXI AMT1.2,1
Maruti Wagon R VXI BS IV,11
Maruti Wagon R VXI BS IV with ABS,1
Maruti Wagon R VXI BSIII,2
Maruti Wagon R VXI Minor,1
Maruti Wagon R VXI Minor ABS,1
Maruti Wagon R VXI Plus,1
Maruti Wagon R VXi BSII,1
Maruti Wagon R Vx,1
Maruti Wagon R ZXI AMT 1.2,1
Maruti Zen Estilo 1.1 LX BSIII,2
Maruti Zen Estilo 1.1 LXI BSIII,1
Maruti Zen Estilo 1.1 VXI BSIII,2
Maruti Zen Estilo LXI BS IV,3
Maruti Zen Estilo LXI BSIII,3
Maruti Zen Estilo LXI Green (CNG),2
Maruti Zen Estilo VXI BSIII,2
Maruti Zen LX,3
Maruti Zen LXI,2
Maruti Zen LXi - BS III,3
Maruti Zen LXi BSII,1
Maruti Zen VX,1
Maruti Zen VXI,1
Maruti Zen VXI BSII,2
Maruti Zen VXi - BS III,1
Mercedes-Benz A Class A180 CDI,5
Mercedes-Benz A Class A180 Sport,2
Mercedes-Benz A Class A200 CDI Sport,1
Mercedes-Benz B Class 2012-2015 B200 Sport CDI,1
Mercedes-Benz B Class B180,7
Mercedes-Benz B Class B200 CDI,4
Mercedes-Benz C-Class Progressive C 220d,3
Mercedes-Benz CLA 200 CDI Sport,7
Mercedes-Benz CLA 200 CDI Style,1
Mercedes-Benz CLA 200 CGI Sport,1
Mercedes-Benz CLA 200 D Sport Edition,2
Mercedes-Benz CLA 200 Sport Edition,2
Mercedes-Benz CLS-Class 2006-2010 350 CDI,1
Mercedes-Benz E-Class 200 Kompressor Elegance,3
Mercedes-Benz E-Class 2009-2013 E 200 CGI Avantgarde,1
Mercedes-Benz E-Class 2009-2013 E 200 CGI Elegance,1
Mercedes-Benz E-Class 2009-2013 E 220 CDI Avantgarde,5
Mercedes-Benz E-Class 2009-2013 E 250 Elegance,3
Mercedes-Benz E-Class 2009-2013 E200 CGI Blue Efficiency,1
Mercedes-Benz E-Class 2009-2013 E250 CDI Avantgarde,3
Mercedes-Benz E-Class 2009-2013 E250 CDI Blue Efficiency,5
Mercedes-Benz E-Class 2009-2013 E250 CDI Classic,1
Mercedes-Benz E-Class 2009-2013 E250 CDI Elegance,8
Mercedes-Benz E-Class 2009-2013 E350 CDI Avantgarde,1
Mercedes-Benz E-Class 2009-2013 E350 Petrol,3
Mercedes-Benz E-Class 2015-2017 E 200 CGI,1
Mercedes-Benz E-Class 2015-2017 E250 CDI Avantgarde,7
Mercedes-Benz E-Class 2015-2017 E250 Edition E,5
Mercedes-Benz E-Class 2015-2017 E350 CDI Avantgrade,2
Mercedes-Benz E-Class 2015-2017 E350 Edition E,1
Mercedes-Benz E-Class 220 CDI,2
Mercedes-Benz E-Class 230,1
Mercedes-Benz E-Class 230 E AT,2
Mercedes-Benz E-Class 250 D W 210,1
Mercedes-Benz E-Class 280 CDI,8
Mercedes-Benz E-Class 280 Elegance,1
Mercedes-Benz E-Class E 200 CGI,1
Mercedes-Benz E-Class E 220 d,4
Mercedes-Benz E-Class E 350 d,1
Mercedes-Benz E-Class E250 CDI Avantgrade,7
Mercedes-Benz E-Class E250 CDI Launch Edition,3
Mercedes-Benz E-Class E270 CDI,2
Mercedes-Benz E-Class E350 CDI,1
Mercedes-Benz E-Class E400 Cabriolet,1
Mercedes-Benz E-Class Facelift,2
Mercedes-Benz GL-Class 2007 2012 350 CDI Luxury,7
Mercedes-Benz GL-Class 350 CDI Blue Efficiency,4
Mercedes-Benz GLA Class 200 CDI,4
Mercedes-Benz GLA Class 200 CDI SPORT,8
Mercedes-Benz GLA Class 200 Sport,1
Mercedes-Benz GLA Class 200 Sport Edition,2
Mercedes-Benz GLA Class 200 d Sport,2
Mercedes-Benz GLA Class 200 d Style,1
Mercedes-Benz GLC 220,2
Mercedes-Benz GLC 220d 4MATIC Sport,1
Mercedes-Benz GLC 220d 4MATIC Style,3
Mercedes-Benz GLC 220d Celebration Edition,1
Mercedes-Benz GLC 43 AMG Coupe,1
Mercedes-Benz GLE 250d,4
Mercedes-Benz GLE 350d,8
Mercedes-Benz GLS 350d 4MATIC,1
Mercedes-Benz GLS 350d Grand Edition,1
Mercedes-Benz M-Class ML 250 CDI,6
Mercedes-Benz M-Class ML 320 CDI,3
Mercedes-Benz M-Class ML 350 4Matic,8
Mercedes-Benz M-Class ML 350 CDI,3
Mercedes-Benz M-Class ML 350 CDI Corporate,3
Mercedes-Benz New C-Class 200 CDI Classic,2
Mercedes-Benz New C-Class 200 CDI Elegance,1
Mercedes-Benz New C-Class 200 K AT,1
Mercedes-Benz New C-Class 200 Kompressor,2
Mercedes-Benz New C-Class 220,1
Mercedes-Benz New C-Class 220 CDI AT,9
Mercedes-Benz New C-Class 220 CDI MT,3
Mercedes-Benz New C-Class 230 Avantgarde,1
Mercedes-Benz New C-Class 250 CDI Classic,1
Mercedes-Benz New C-Class C 200 AVANTGARDE,1
Mercedes-Benz New C-Class C 200 Avantgarde Edition C,2
Mercedes-Benz New C-Class C 200 CGI,2
Mercedes-Benz New C-Class C 200 CGI Avantgarde,4
Mercedes-Benz New C-Class C 200 CGI Elegance,2
Mercedes-Benz New C-Class C 200 Kompressor Elegance AT,3
Mercedes-Benz New C-Class C 200 Kompressor Elegance MT,1
Mercedes-Benz New C-Class C 220 CDI Avantgarde,10
Mercedes-Benz New C-Class C 220 CDI BE Avantgare,5
Mercedes-Benz New C-Class C 220 CDI CLASSIC,3
Mercedes-Benz New C-Class C 220 CDI Celebration Edition,1
Mercedes-Benz New C-Class C 220 CDI Elegance AT,10
Mercedes-Benz New C-Class C 220 CDI Style,5
Mercedes-Benz New C-Class C 220CDIBE Avantgarde Command,1
Mercedes-Benz New C-Class C 220d Avantgarde Edition C,11
Mercedes-Benz New C-Class C 250 CDI Avantgarde,3
Mercedes-Benz New C-Class C 250 CDI Elegance,3
Mercedes-Benz New C-Class C220 CDI Executive Edition,1
Mercedes-Benz New C-Class C250 Avantgarde,4
Mercedes-Benz New C-Class Progressive C 200,1
Mercedes-Benz R-Class R350 4Matic Long,3
Mercedes-Benz R-Class R350 CDI 4MATIC,1
Mercedes-Benz S Class 2005 2013 320 CDI,1
Mercedes-Benz S Class 2005 2013 S 300 L,1
Mercedes-Benz S Class 2005 2013 S 350 CDI,4
Mercedes-Benz S Class 2005 2013 S 350 L,3
Mercedes-Benz S Class 2005 2013 S 500,1
Mercedes-Benz S-Class 280 AT,2
Mercedes-Benz S-Class 320 L,2
Mercedes-Benz S-Class S 350 d,1
Mercedes-Benz SL-Class SL 500,1
Mercedes-Benz SLC 43 AMG,2
Mercedes-Benz SLK-Class 55 AMG,1
Mercedes-Benz SLK-Class SLK 350,2
Mini Clubman Cooper S,1
Mini Cooper 3 DOOR D,3
Mini Cooper 3 DOOR S,2
Mini Cooper 5 DOOR D,5
Mini Cooper Convertible 1.6,1
Mini Cooper Convertible S,5
Mini Cooper Countryman D,2
Mini Cooper Countryman D High,2
Mini Cooper S,1
Mini Cooper S Carbon Edition,3
Mini Countryman Cooper D,1
Mitsubishi Cedia Sports,2
Mitsubishi Lancer 1.5 SFXi,1
Mitsubishi Lancer GLXD,1
Mitsubishi Montero 3.2 GLS,1
Mitsubishi Outlander 2.4,2
Mitsubishi Pajero 2.8 GLX CRZ,2
Mitsubishi Pajero 2.8 GLX Sports,1
Mitsubishi Pajero 2.8 SFX,3
Mitsubishi Pajero 2.8 SFX 7Str,1
Mitsubishi Pajero 2.8 SFX BSIII Dual Tone,1
Mitsubishi Pajero 2.8 SFX BSIV Dual Tone,1
Mitsubishi Pajero 4X4 LHD,1
Mitsubishi Pajero Sport 4X2 AT DualTone BlackTop,1
Mitsubishi Pajero Sport 4X4,5
Mitsubishi Pajero Sport 4X4 AT,3
Mitsubishi Pajero Sport Anniversary Edition,1
Nissan Evalia 2013 XL,1
Nissan Micra Active XL Petrol,1
Nissan Micra Active XV,2
Nissan Micra Active XV S,1
Nissan Micra Diesel,1
Nissan Micra Diesel XL,1
Nissan Micra Diesel XV,7
Nissan Micra Diesel XV Premium,5
Nissan Micra Diesel XV Primo,1
Nissan Micra XE,1
Nissan Micra XL,3
Nissan Micra XL Primo,1
Nissan Micra XV,1
Nissan Micra XV CVT,6
Nissan Micra XV D,1
Nissan Micra XV Primo,1
Nissan Sunny 2011-2014 Diesel XL,7
Nissan Sunny 2011-2014 Diesel XV,5
Nissan Sunny 2011-2014 XL,4
Nissan Sunny 2011-2014 XL AT Special Edition,1
Nissan Sunny 2011-2014 XV,2
Nissan Sunny 2011-2014 XV Special Edition,1
Nissan Sunny Diesel XV,1
Nissan Sunny XE P,1
Nissan Sunny XL,1
Nissan Sunny XL CVT,1
Nissan Sunny XV CVT,1
Nissan Sunny XV D,1
Nissan Teana 230jM,1
Nissan Teana XV,1
Nissan Terrano XL,4
Nissan Terrano XL 110 PS,3
Nissan Terrano XL 85 PS,2
Nissan Terrano XL D Option,3
Nissan Terrano XL Plus 85 PS,2
Nissan Terrano XL Plus ICC WT20 SE,1
Nissan Terrano XV 110 PS,3
Nissan Terrano XV 110 PS Limited Edition,1
Nissan Terrano XV D Pre,2
Nissan Terrano XV Premium 110 PS,4
Nissan Terrano XV Premium 110 PS Anniversary Edition,1
Nissan X-Trail SLX AT,1
Nissan X-Trail SLX MT,2
Porsche Boxster S tiptronic,1
Porsche Cayenne 2009-2014 Diesel,1
Porsche Cayenne 2009-2014 Turbo,1
Porsche Cayenne Base,1
Porsche Cayenne Diesel,2
Porsche Cayenne S Diesel,1
Porsche Cayenne Turbo S,1
Porsche Cayman 2009-2012 S,1
Porsche Cayman 2009-2012 S tiptronic,1
Porsche Panamera 2010 2013 4S,1
Porsche Panamera 2010 2013 Diesel,1
Porsche Panamera Diesel,5
Porsche Panamera Diesel 250hp,1
Renault Captur 1.5 Diesel Platine Mono,2
Renault Captur 1.5 Diesel RXL,1
Renault Duster 110PS Diesel RXZ Option,2
Renault Duster 110PS Diesel RXZ Optional with Nav,1
Renault Duster 110PS Diesel RxL,10
Renault Duster 110PS Diesel RxL AMT,2
Renault Duster 110PS Diesel RxZ,17
Renault Duster 110PS Diesel RxZ AMT,5
Renault Duster 110PS Diesel RxZ AWD,1
Renault Duster 110PS Diesel RxZ Pack,3
Renault Duster 110PS Diesel RxZ Plus,4
Renault Duster 85PS Diesel RxE,4
Renault Duster 85PS Diesel RxL,14
Renault Duster 85PS Diesel RxL Explore,2
Renault Duster 85PS Diesel RxL Option,5
Renault Duster 85PS Diesel RxL Optional,5
Renault Duster 85PS Diesel RxL Optional with Nav,1
Renault Duster 85PS Diesel RxL Plus,1
Renault Duster Adventure Edition,1
Renault Duster Petrol RxL,4
Renault Duster RXZ AWD,1
Renault Fluence 1.5,1
Renault Fluence 2.0,1
Renault Fluence Diesel E4,2
Renault KWID 1.0 RXL,1
Renault KWID 1.0 RXT Optional,3
Renault KWID 1.0 RXT Optional AMT,2
Renault KWID AMT RXL,2
Renault KWID Climber 1.0 AMT,2
Renault KWID Climber 1.0 MT,2
Renault KWID RXL,4
Renault KWID RXT,18
Renault KWID RXT Optional,6
Renault Koleos 2.0 Diesel,3
Renault Lodgy 110PS RxZ 8 Seater,2
Renault Pulse Petrol RxL,1
Renault Pulse Petrol RxZ,1
Renault Pulse RxL,3
Renault Scala Diesel RxL,3
Renault Scala RxL,1
Renault Scala RxL AT,1
Skoda Fabia 1.2 MPI Ambiente Petrol,2
Skoda Fabia 1.2 MPI Ambition Plus,1
Skoda Fabia 1.2 MPI Classic,2
Skoda Fabia 1.2 Petrol Active,1
Skoda Fabia 1.2 TDI Ambition,1
Skoda Fabia 1.2L Diesel Classic,1
Skoda Fabia 1.4 MPI Ambiente,1
Skoda Fabia 1.4 TDI Active,1
Skoda Fabia 1.6 MPI Elegance,1
Skoda Laura 1.8 TSI Ambiente,3
Skoda Laura 1.9 TDI AT Ambiente,3
Skoda Laura 1.9 TDI AT Elegance,1
Skoda Laura 1.9 TDI MT Ambiente,2
Skoda Laura Ambiente,4
Skoda Laura Ambiente 2.0 TDI CR AT,4
Skoda Laura Ambiente 2.0 TDI CR MT,2
Skoda Laura Ambition 2.0 TDI CR AT,2
Skoda Laura Ambition 2.0 TDI CR MT,1
Skoda Laura Classic 1.8 TSI,1
Skoda Laura Elegance 2.0 TDI CR AT,2
Skoda Laura Elegance MT,1
Skoda Laura L and K AT,1
Skoda Laura L n K 1.9 PD AT,1
Skoda Laura RS,1
Skoda Octavia 1.9 TDI,1
Skoda Octavia 2.0 TDI AT Style Plus,2
Skoda Octavia Ambiente 1.9 TDI,1
Skoda Octavia Ambiente 1.9 TDI MT,2
Skoda Octavia Ambition 1.4 TSI MT,2
Skoda Octavia Ambition 1.8 TSI AT,1
Skoda Octavia Ambition 2.0 TDI AT,2
Skoda Octavia Ambition Plus 2.0 TDI AT,1
Skoda Octavia Classic 1.9 TDI MT,3
Skoda Octavia Elegance 1.8 TSI AT,3
Skoda Octavia Elegance 1.9 TDI,1
Skoda Octavia Elegance 2.0 TDI AT,7
Skoda Octavia L and K 1.9 TDI MT,1
Skoda Octavia RS,1
Skoda Octavia Rider 1.9 TDI MT,1
Skoda Octavia Rider Classic 1.9 TDI,1
Skoda Octavia Style Plus 2.0 TDI AT,1
Skoda Rapid 1.5 TDI AT Ambition,1
Skoda Rapid 1.5 TDI AT Elegance,4
Skoda Rapid 1.5 TDI AT Elegance Plus,1
Skoda Rapid 1.5 TDI AT Elegance Plus Black Package,1
Skoda Rapid 1.5 TDI AT Style,1
Skoda Rapid 1.5 TDI Ambition,3
Skoda Rapid 1.5 TDI Ambition Plus,1
Skoda Rapid 1.5 TDI Elegance,3
Skoda Rapid 1.5 TDI Style,1
Skoda Rapid 1.6 MPI AT Ambition,1
Skoda Rapid 1.6 MPI AT Ambition Plus,1
Skoda Rapid 1.6 MPI AT Ambition Plus Alloy,1
Skoda Rapid 1.6 MPI AT Elegance,2
Skoda Rapid 1.6 MPI AT Elegance Plus,1
Skoda Rapid 1.6 MPI AT Style,2
Skoda Rapid 1.6 MPI AT Style Black Package,1
Skoda Rapid 1.6 MPI AT Style Plus,1
Skoda Rapid 1.6 MPI Active,1
Skoda Rapid 1.6 MPI Ambition,2
Skoda Rapid 1.6 MPI Ambition Plus,1
Skoda Rapid 1.6 MPI Ambition With Alloy Wheel,2
Skoda Rapid 1.6 MPI Elegance,2
Skoda Rapid 1.6 MPI Elegance Black Package,1
Skoda Rapid 1.6 TDI Active,1
Skoda Rapid 1.6 TDI Ambition,4
Skoda Rapid 1.6 TDI Elegance,3
Skoda Rapid 2013-2016 1.6 MPI Ambition,1
Skoda Rapid Leisure 1.6 TDI MT,1
Skoda Rapid Ultima 1.6 MPI Ambition Plus,1
Skoda Rapid Ultima 1.6 TDI Elegance,1
Skoda Superb 1.8 TFSI MT,1
Skoda Superb 1.8 TSI,1
Skoda Superb 1.8 TSI MT,3
Skoda Superb 2.5 TDi AT,1
Skoda Superb 2.8 V6 AT,2
Skoda Superb 2009-2014 Elegance 2.0 TDI MT,1
Skoda Superb 3.6 V6 FSI,2
Skoda Superb Ambition 2.0 TDI CR AT,1
Skoda Superb Elegance 1.8 TSI AT,20
Skoda Superb Elegance 1.8 TSI MT,1
Skoda Superb Elegance 2.0 TDI CR AT,5
Skoda Superb L&K 1.8 TSI AT,1
Skoda Superb L&K 2.0 TDI AT,1
Skoda Superb Style 1.8 TSI AT,7
Skoda Superb Style 2.0 TDI AT,2
Skoda Yeti Ambition 4WD,1
Skoda Yeti Ambition 4X2,2
Skoda Yeti Elegance,2
Skoda Yeti Elegance 4X2,1
Smart Fortwo CDI AT,1
Tata Bolt Quadrajet XE,2
Tata Bolt Quadrajet XM,1
Tata Bolt Revotron XT,1
Tata Hexa XT,2
Tata Hexa XTA,2
Tata Indica DLS,3
Tata Indica GLS BS IV,2
Tata Indica LEI,1
Tata Indica V2 2001-2011 eLS,1
Tata Indica V2 DL BSIII,1
Tata Indica V2 DLE BSIII,1
Tata Indica V2 DLG TC,1
Tata Indica V2 DLS,2
Tata Indica V2 DLS BSII,1
Tata Indica V2 DLS BSIII,1
Tata Indica V2 DLS TC,1
Tata Indica V2 DLX,1
Tata Indica V2 eLS,6
Tata Indica V2 eLX,2
Tata Indica Vista Aqua 1.3 Quadrajet,2
Tata Indica Vista Aura 1.3 Quadrajet,2
Tata Indica Vista Quadrajet 90 ZX Plus,1
Tata Indica Vista Quadrajet LS,4
Tata Indica Vista Quadrajet VX,5
Tata Indica Vista TDI LS,1
Tata Indica Vista TDI LX,1
Tata Indigo CS Emax CNG GLX,2
Tata Indigo CS LX (TDI) BS III,2
Tata Indigo CS eGLX BS IV,2
Tata Indigo CS eGVX,1
Tata Indigo CS eVX,4
Tata Indigo GLE,2
Tata Indigo LS,4
Tata Indigo LS Dicor,1
Tata Indigo LX,3
Tata Indigo LX BSII,1
Tata Indigo XL Classic Dicor,1
Tata Indigo XL Grand Petrol,1
Tata Indigo eCS GLE BSIII,1
Tata Indigo eCS GLX,1
Tata Indigo eCS LS (TDI) BS-III,1
Tata Indigo eCS LX BSIV,1
Tata Indigo eCS eLS BS IV,1
Tata Indigo eCS eLX BS IV,2
Tata Manza Aqua Quadrajet,1
Tata Manza Aqua Quadrajet BS IV,2
Tata Manza Aqua Safire,1
Tata Manza Aura Plus Quadrajet BS IV,1
Tata Manza Aura Quadrajet,1
Tata Manza Aura Quadrajet BS IV,3
Tata Manza Aura Safire,1
Tata Manza Aura Safire BS IV,1
Tata Manza Club Class Quadrajet90 LS,2
Tata Manza Club Class Quadrajet90 LX,1
Tata Manza ELAN Quadrajet BS IV,2
Tata Nano CX,1
Tata Nano Cx,1
Tata Nano Cx BSIV,1
Tata Nano LX,1
Tata Nano LX SE,1
Tata Nano Lx,2
Tata Nano Lx BSIV,2
Tata Nano STD SE,1
Tata Nano Twist XT,7
Tata Nano XT,2
Tata Nano XTA,6
Tata New Safari 4X4 EX,1
Tata New Safari DICOR 2.2 EX 4x2,1
Tata New Safari DICOR 2.2 EX 4x4,1
Tata New Safari DICOR 2.2 EX 4x4 BS IV,1
Tata New Safari DICOR 2.2 VX 4x2,1
Tata New Safari DICOR 2.2 VX 4x4,1
Tata New Safari Dicor EX 4X2,1
Tata New Safari EX 4x2,1
Tata Nexon 1.2 Revotron XZ Plus,1
Tata Nexon 1.5 Revotorq XZ Plus Dual Tone,2
Tata Safari DICOR 2.2 LX 4x2,2
Tata Safari Storme 2012-2015 EX,1
Tata Safari Storme 2012-2015 LX,1
Tata Safari Storme 2012-2015 VX,2
Tata Safari Storme Explorer Edition,1
Tata Safari Storme VX,1
Tata Safari Storme VX Varicor 400,1
Tata Sumo DX,1
Tata Sumo Delux,1
Tata Sumo EX,3
Tata Tiago 1.2 Revotron XM Option,1
Tata Tiago 1.2 Revotron XT,2
Tata Tiago 1.2 Revotron XT Option,1
Tata Tiago 1.2 Revotron XZ,3
Tata Tiago 1.2 Revotron XZ WO Alloy,1
Tata Tiago AMT 1.2 Revotron XZA,2
Tata Tiago Wizz 1.05 Revotorq,1
Tata Tigor 1.05 Revotorq XT,1
Tata Tigor 1.05 Revotorq XZ Option,1
Tata Tigor 1.2 Revotron XT,1
Tata Tigor 1.2 Revotron XTA,1
Tata Tigor XE Diesel,1
Tata Venture EX,1
Tata Xenon XT EX 4X2,2
Tata Xenon XT EX 4X4,1
Tata Zest Quadrajet 1.3,1
Tata Zest Quadrajet 1.3 75PS XE,4
Tata Zest Quadrajet 1.3 75PS XM,1
Tata Zest Quadrajet 1.3 XT,2
Tata Zest Revotron 1.2 XT,3
Tata Zest Revotron 1.2T XE,4
Tata Zest Revotron 1.2T XM,4
Tata Zest Revotron 1.2T XMS,2
Toyota Camry 2.5 G,1
Toyota Camry 2.5 Hybrid,1
Toyota Camry A/T,1
Toyota Camry Hybrid,5
Toyota Camry Hybrid 2.5,1
Toyota Camry W2 (AT),1
Toyota Camry W4 (AT),1
Toyota Corolla 1.8 J,4
Toyota Corolla Altis 1.4 DG,3
Toyota Corolla Altis 1.8 G,2
Toyota Corolla Altis 1.8 G CNG,1
Toyota Corolla Altis 1.8 G CVT,1
Toyota Corolla Altis 1.8 GL,3
Toyota Corolla Altis 1.8 Limited Edition,1
Toyota Corolla Altis 1.8 Sport,1
Toyota Corolla Altis 1.8 VL CVT,4
Toyota Corolla Altis 2008-2013 1.8 VL AT,7
Toyota Corolla Altis Aero D 4D J,1
Toyota Corolla Altis D-4D G,1
Toyota Corolla Altis D-4D GL,2
Toyota Corolla Altis D-4D J,1
Toyota Corolla Altis Diesel D4DG,4
Toyota Corolla Altis Diesel D4DJ,1
Toyota Corolla Altis G,6
Toyota Corolla Altis G AT,1
Toyota Corolla Altis G HV AT,1
Toyota Corolla Altis G MT,1
Toyota Corolla Altis GL MT,2
Toyota Corolla Altis JS MT,1
Toyota Corolla Altis VL,4
Toyota Corolla Altis VL AT,3
Toyota Corolla DX,1
Toyota Corolla Executive (HE),1
Toyota Corolla H2,3
Toyota Corolla H4,5
Toyota Corolla H5,2
Toyota Etios 1.4 VXD,1
Toyota Etios Cross 1.4 GD,2
Toyota Etios Cross 1.4L GD,1
Toyota Etios Cross 1.4L VD,2
Toyota Etios G,9
Toyota Etios G SP,1
Toyota Etios G Safety,2
Toyota Etios GD,8
Toyota Etios GD SP,1
Toyota Etios Liva 1.2 G,3
Toyota Etios Liva 1.2 VX Dual Tone,1
Toyota Etios Liva 1.4 GD,1
Toyota Etios Liva Diesel,1
Toyota Etios Liva G,5
Toyota Etios Liva GD,9
Toyota Etios Liva GD SP,2
Toyota Etios Liva V,2
Toyota Etios Petrol TRD Sportivo,1
Toyota Etios V,2
Toyota Etios VD,2
Toyota Etios VD SP,1
Toyota Etios VX,2
Toyota Etios VXD,2
Toyota Fortuner 2.8 2WD AT,6
Toyota Fortuner 2.8 2WD MT,3
Toyota Fortuner 2.8 4WD MT,5
Toyota Fortuner 3.0 Diesel,29
Toyota Fortuner 4x2 4 Speed AT,6
Toyota Fortuner 4x2 AT,19
Toyota Fortuner 4x2 AT TRD Sportivo,1
Toyota Fortuner 4x2 MT TRD Sportivo,1
Toyota Fortuner 4x2 Manual,16
Toyota Fortuner 4x4 AT,5
Toyota Fortuner 4x4 MT,7
Toyota Fortuner 4x4 MT TRD Sportivo,2
Toyota Fortuner TRD Sportivo 2.8 2WD AT,1
Toyota Innova 2.0 E,1
Toyota Innova 2.0 G1,1
Toyota Innova 2.0 GX 8 STR,2
Toyota Innova 2.5 EV Diesel MS 8 Str BSIII,1
Toyota Innova 2.5 G (Diesel) 7 Seater,5
Toyota Innova 2.5 G (Diesel) 7 Seater BS IV,7
Toyota Innova 2.5 G (Diesel) 8 Seater,12
Toyota Innova 2.5 G (Diesel) 8 Seater BS IV,7
Toyota Innova 2.5 G3,2
Toyota Innova 2.5 G4 Diesel 7-seater,4
Toyota Innova 2.5 G4 Diesel 8-seater,9
Toyota Innova 2.5 GX (Diesel) 7 Seater,8
Toyota Innova 2.5 GX (Diesel) 7 Seater BS IV,2
Toyota Innova 2.5 GX (Diesel) 8 Seater,4
Toyota Innova 2.5 GX (Diesel) 8 Seater BS IV,1
Toyota Innova 2.5 GX 7 STR,2
Toyota Innova 2.5 GX 7 STR BSIV,1
Toyota Innova 2.5 LE 2014 Diesel 7 Seater,1
Toyota Innova 2.5 V Diesel 7-seater,14
Toyota Innova 2.5 V Diesel 8-seater,8
Toyota Innova 2.5 VX (Diesel) 7 Seater,10
Toyota Innova 2.5 VX (Diesel) 7 Seater BS IV,2
Toyota Innova 2.5 VX (Diesel) 8 Seater,3
Toyota Innova 2.5 VX (Diesel) 8 Seater BS IV,4
Toyota Innova 2.5 VX 7 STR BSIV,1
Toyota Innova 2.5 Z Diesel 7 Seater,2
Toyota Innova 2.5 ZX Diesel 7 Seater,3
Toyota Innova 2.5 ZX Diesel 7 Seater BSIII,1
Toyota Innova Crysta 2.4 G MT,1
Toyota Innova Crysta 2.4 G MT 8S,1
Toyota Innova Crysta 2.4 GX MT,2
Toyota Innova Crysta 2.4 GX MT 8S,2
Toyota Innova Crysta 2.4 VX MT,7
Toyota Innova Crysta 2.4 VX MT 8S,3
Toyota Innova Crysta 2.4 ZX MT,6
Toyota Innova Crysta 2.7 GX MT,1
Toyota Innova Crysta 2.8 GX AT,6
Toyota Innova Crysta 2.8 GX AT 8S,3
Toyota Innova Crysta 2.8 ZX AT,14
Toyota Platinum Etios 1.4 GXD,1
Toyota Prius 2009-2016 Z4,1
Toyota Qualis FS B2,1
Toyota Qualis FS B3,1
Toyota Qualis Fleet A3,1
Toyota Qualis RS E2,1
Volkswagen Ameo 1.2 MPI Anniversary Edition,1
Volkswagen Ameo 1.2 MPI Comfortline,5
Volkswagen Ameo 1.2 MPI Highline,4
Volkswagen Ameo 1.2 MPI Highline 16 Alloy,1
Volkswagen Ameo 1.2 MPI Highline Plus 16,1
Volkswagen Ameo 1.2 MPI Trendline,1
Volkswagen Ameo 1.5 TDI Comfortline,1
Volkswagen Ameo 1.5 TDI Comfortline AT,1
Volkswagen Ameo 1.5 TDI Highline,3
Volkswagen Ameo 1.5 TDI Highline AT,1
Volkswagen Beetle 2.0,1
Volkswagen CrossPolo 1.5 TDI,4
Volkswagen Jetta 2007-2011 1.9 Highline TDI,3
Volkswagen Jetta 2007-2011 1.9 L TDI,1
Volkswagen Jetta 2007-2011 1.9 TDI Trendline,1
Volkswagen Jetta 2007-2011 2.0 TDI Comfortline,2
Volkswagen Jetta 2007-2011 2.0 TDI Trendline,2
Volkswagen Jetta 2012-2014 1.4 TSI,1
Volkswagen Jetta 2012-2014 2.0L TDI Comfortline,2
Volkswagen Jetta 2012-2014 2.0L TDI Highline,1
Volkswagen Jetta 2012-2014 2.0L TDI Highline AT,1
Volkswagen Jetta 2012-2014 2.0L TDI Trendline,1
Volkswagen Jetta 2013-2015 2.0L TDI Highline,1
Volkswagen Jetta 2013-2015 2.0L TDI Highline AT,8
Volkswagen Passat 1.8 TSI MT,1
Volkswagen Passat 2.0 PD DSG,1
Volkswagen Passat Diesel Highline 2.0 TDI,5
Volkswagen Passat Highline DSG,1
Volkswagen Polo 1.0 MPI Comfortline,1
Volkswagen Polo 1.0 MPI Trendline,1
Volkswagen Polo 1.2 MPI Comfortline,9
Volkswagen Polo 1.2 MPI Highline,18
Volkswagen Polo 1.2 MPI Highline Plus,2
Volkswagen Polo 1.2 MPI Trendline,3
Volkswagen Polo 1.5 TDI Comfortline,3
Volkswagen Polo 1.5 TDI Highline,18
Volkswagen Polo 1.5 TDI Trendline,3
Volkswagen Polo Diesel Comfortline 1.2L,17
Volkswagen Polo Diesel Highline 1.2L,11
Volkswagen Polo Diesel Trendline 1.2L,11
Volkswagen Polo GT 1.5 TDI,1
Volkswagen Polo GT TDI,2
Volkswagen Polo GT TSI,8
Volkswagen Polo GTI,2
Volkswagen Polo IPL II 1.2 Petrol Highline,1
Volkswagen Polo Petrol Comfortline 1.2L,16
Volkswagen Polo Petrol Highline 1.2L,12
Volkswagen Polo Petrol Highline 1.6L,4
Volkswagen Polo Petrol Trendline 1.2L,8
Volkswagen Tiguan 2.0 TDI Highline,1
Volkswagen Vento 1.2 TSI Highline AT,1
Volkswagen Vento 1.5 Highline Plus AT 16 Alloy,2
Volkswagen Vento 1.5 TDI Comfortline,3
Volkswagen Vento 1.5 TDI Comfortline AT,2
Volkswagen Vento 1.5 TDI Highline,12
Volkswagen Vento 1.5 TDI Highline AT,7
Volkswagen Vento 1.5 TDI Trendline,1
Volkswagen Vento 1.6 Comfortline,4
Volkswagen Vento 1.6 Highline,6
Volkswagen Vento 2013-2015 1.6 Comfortline,4
Volkswagen Vento Diesel Breeze,1
Volkswagen Vento Diesel Comfortline,8
Volkswagen Vento Diesel Highline,18
Volkswagen Vento Diesel Trendline,6
Volkswagen Vento IPL II Petrol Highline AT,2
Volkswagen Vento IPL II Petrol Trendline,1
Volkswagen Vento Konekt Diesel Highline,1
Volkswagen Vento Magnific 1.6 Comfortline,1
Volkswagen Vento Petrol Comfortline,1
Volkswagen Vento Petrol Highline,12
Volkswagen Vento Petrol Highline AT,9
Volkswagen Vento Petrol Trendline,2
Volkswagen Vento Sport 1.2 TSI AT,2
Volkswagen Vento TSI,1
Volvo S60 D3,1
Volvo S60 D4 KINETIC,2
Volvo S60 D4 Momentum,2
Volvo S60 D4 SUMMUM,1
Volvo S60 D5 Summum,1
Volvo S80 2006-2013 D5,1
Volvo S80 D5,1
Volvo V40 Cross Country D3,2
Volvo V40 D3,1
Volvo V40 D3 R Design,1
Volvo XC60 D4 SUMMUM,1
Volvo XC60 D4 Summum,1
Volvo XC60 D5,3
Volvo XC60 D5 Inscription,1
Volvo XC90 2007-2015 D5 AT AWD,1
Volvo XC90 2007-2015 D5 AWD,1
